nombre;apellido;email;gender;matematicas;sociales;biologia;fisica;educacion_fisica;artes
Laurette;Oldnall;loldnall0@accuweather.com;Female;10;8;7;18;4;8
Carlin;Hursthouse;chursthouse1@tripadvisor.com;Male;17;16;2;16;2;14
Elsie;Atherton;eatherton2@indiatimes.com;Female;3;9;12;4;14;1
Read;Buncom;rbuncom3@domainmarket.com;Male;4;19;6;18;17;11
Clayborne;Date;cdate4@de.vu;Male;11;7;15;13;11;16
Granny;Du Fray;gdufray5@tuttocitta.it;Male;15;1;7;4;11;6
Verge;Enderwick;venderwick6@issuu.com;Male;20;12;16;8;18;3
Kahlil;Clemence;kclemence7@who.int;Male;19;14;12;18;5;8
Salomo;Cron;scron8@multiply.com;Male;10;16;8;16;17;14
Tove;Soonhouse;tsoonhouse9@booking.com;Female;16;14;9;2;13;13
Vanni;Dowdle;vdowdlea@tripadvisor.com;Female;12;18;10;7;9;19
Doria;Bottby;dbottbyb@cdc.gov;Female;1;2;17;8;19;13
Eva;MacCosty;emaccostyc@sitemeter.com;Female;5;8;19;17;14;20
Papageno;Lilleycrop;plilleycropd@eepurl.com;Non-binary;7;4;15;15;18;2
Desmund;Redwin;dredwine@timesonline.co.uk;Non-binary;17;19;2;9;6;8
Barth;Juan;bjuanf@yellowpages.com;Male;3;17;15;7;16;4
Wald;Lomax;wlomaxg@discovery.com;Male;17;7;3;11;19;13
Annmarie;Leggon;aleggonh@elpais.com;Agender;5;7;2;6;8;10
Mariel;Lippett;mlippetti@e-recht24.de;Female;2;13;5;11;16;12
Geri;Coleby;gcolebyj@npr.org;Male;16;2;12;13;12;19
Alexandro;Crew;acrewk@barnesandnoble.com;Male;4;11;5;11;17;19
Kaila;Wakeling;kwakelingl@ucoz.ru;Female;16;16;18;7;13;15
Jobey;Selley;jselleym@posterous.com;Female;6;1;20;17;19;16
Marlo;Simonian;msimoniann@tiny.cc;Female;8;7;11;18;19;9
Penelopa;Craft;pcrafto@g.co;Female;19;14;6;15;14;19
Drew;Gowland;dgowlandp@spiegel.de;Male;3;10;7;11;15;12
Daniel;Dolder;kdolderq@1und1.de;Polygender;3;16;1;1;12;16
Ellerey;Lovekin;elovekinr@icq.com;Male;13;16;19;14;1;12
Jeffy;Gittis;jgittiss@simplemachines.org;Male;4;18;10;14;6;4
Hugues;Guare;hguaret@xinhuanet.com;Male;5;6;1;6;16;3
Revkah;O'Deegan;rodeeganu@wikimedia.org;Female;8;5;18;16;7;19
Kamila;Waugh;kwaughv@wiley.com;Female;8;10;13;3;17;12
Tabina;Trethewey;ttretheweyw@nationalgeographic.com;Agender;9;7;4;20;6;6
Eberto;Severwright;eseverwrightx@nhs.uk;Male;7;20;11;20;20;7
Jacquette;Travers;jtraversy@ted.com;Female;18;15;16;3;3;1
Ignatius;Screech;iscreechz@tamu.edu;Male;13;3;14;13;8;19
Durante;Gorry;dgorry10@sohu.com;Male;16;4;9;19;13;9
Costanza;Peel;cpeel11@surveymonkey.com;Female;15;16;17;17;12;14
Olga;Saterweyte;osaterweyte12@live.com;Female;4;8;1;14;10;2
Sholom;Doogan;sdoogan13@redcross.org;Male;13;4;11;2;19;15
Cyrillus;Tilbrook;ctilbrook14@goo.gl;Genderfluid;1;2;20;1;10;1
Humfrid;Latehouse;hlatehouse15@discuz.net;Male;10;9;12;15;16;6
Ki;Smythe;ksmythe16@businesswire.com;Female;8;20;8;2;5;6
Alonzo;Farlowe;afarlowe17@oracle.com;Male;16;2;16;8;10;14
Hall;Wandtke;hwandtke18@wsj.com;Male;1;4;4;2;18;10
Darrin;Cryer;dcryer19@boston.com;Agender;15;15;4;14;10;11
Kurt;McCrory;kmccrory1a@google.ca;Male;8;14;7;4;1;14
Caye;McCourtie;cmccourtie1b@mail.ru;Female;9;2;7;8;5;15
Tarrah;Strut;tstrut1c@dyndns.org;Female;3;6;20;2;3;2
Hogan;Gossage;hgossage1d@amazon.co.uk;Bigender;9;12;2;4;10;16
Zebulon;Raffin;zraffin1e@gov.uk;Male;8;11;16;12;6;8
Rice;Ney;rney1f@wordpress.com;Male;1;3;9;3;6;15
Miguelita;Dwelly;mdwelly1g@harvard.edu;Female;2;4;7;19;20;1
Giacobo;Bramsom;gbramsom1h@adobe.com;Male;5;9;1;12;4;5
Aldo;Gyrgorwicx;agyrgorwicx1i@google.ru;Male;17;15;16;2;4;4
Giraldo;Ewen;gewen1j@tumblr.com;Male;12;2;15;12;14;9
Cordey;Lassells;classells1k@list-manage.com;Female;1;11;6;3;18;11
Rick;Baff;rbaff1l@virginia.edu;Male;14;18;12;1;12;7
Darrell;Leishman;dleishman1m@ebay.com;Male;20;18;2;19;11;20
Babb;Thirkettle;bthirkettle1n@de.vu;Polygender;5;1;13;3;15;8
Barbara;Plessing;bplessing1o@xrea.com;Female;12;14;16;2;16;7
Dalli;Shakelade;dshakelade1p@infoseek.co.jp;Male;20;8;5;1;18;7
Farris;Verissimo;fverissimo1q@live.com;Male;6;19;2;13;2;17
Jacenta;Speariett;jspeariett1r@rediff.com;Female;10;1;2;8;5;1
Petronella;Mulleary;pmulleary1s@narod.ru;Female;3;11;9;20;1;16
Maxine;Pavlenko;mpavlenko1t@cornell.edu;Female;20;11;17;12;6;1
Alis;Sheering;asheering1u@ustream.tv;Female;8;5;2;7;1;19
Hugues;Imort;himort1v@arstechnica.com;Male;10;10;19;5;10;10
Valene;Jozsa;vjozsa1w@unc.edu;Genderfluid;2;5;17;7;7;16
Patty;Bhatia;pbhatia1x@geocities.jp;Female;2;16;20;5;18;11
Geno;Moules;gmoules1y@abc.net.au;Male;10;16;18;14;18;6
Pierson;Westmorland;pwestmorland1z@buzzfeed.com;Male;19;10;14;17;10;18
Flinn;Screeton;fscreeton20@state.gov;Male;6;2;11;6;1;20
Ruy;Shernock;rshernock21@gravatar.com;Male;7;11;18;3;5;16
Winifield;Eastmond;weastmond22@imdb.com;Male;16;2;19;5;6;4
Osgood;Laidlaw;olaidlaw23@infoseek.co.jp;Male;9;20;12;8;10;11
Gardner;Molfino;gmolfino24@google.cn;Male;10;8;10;1;14;10
Jermayne;Staniforth;jstaniforth25@hibu.com;Male;3;11;14;7;7;15
Davie;Hedman;dhedman26@altervista.org;Bigender;13;16;12;12;5;19
Leicester;Reeves;lreeves27@huffingtonpost.com;Male;19;4;2;13;20;13
Jillana;Yearron;jyearron28@businessinsider.com;Female;11;14;5;15;13;3
Gideon;Methley;gmethley29@cloudflare.com;Non-binary;15;13;11;14;6;4
Sax;Sutliff;ssutliff2a@tinypic.com;Male;11;13;3;16;7;17
Nathaniel;Sedgemond;nsedgemond2b@squidoo.com;Genderqueer;3;18;7;8;1;8
Marguerite;Cackett;mcackett2c@cyberchimps.com;Female;19;20;16;6;14;13
Alasteir;Housby;ahousby2d@foxnews.com;Male;18;8;17;11;12;14
Minnnie;Byrne;mbyrne2e@npr.org;Female;20;8;15;11;13;15
Tally;Garham;tgarham2f@constantcontact.com;Female;15;4;7;13;19;9
Pietro;Hedderly;phedderly2g@redcross.org;Genderfluid;14;6;16;19;12;12
Konrad;McKoy;kmckoy2h@cornell.edu;Male;4;19;14;11;18;16
Zechariah;Hold;zhold2i@chron.com;Male;7;19;14;16;14;11
Brnaby;Footitt;bfootitt2j@guardian.co.uk;Male;1;8;14;3;3;12
Lonnard;Barnaby;lbarnaby2k@oaic.gov.au;Male;16;18;8;16;17;6
Elinore;McIvor;emcivor2l@aboutads.info;Female;18;1;8;15;1;1
Murielle;Rubenczyk;mrubenczyk2m@npr.org;Female;13;6;7;20;6;3
Noel;Cuffley;ncuffley2n@eventbrite.com;Female;16;4;7;7;17;9
Mitchel;Jobey;mjobey2o@tinyurl.com;Male;17;13;4;5;18;10
Aeriela;Pavett;apavett2p@netlog.com;Female;14;13;18;13;17;1
Lorianna;Lorimer;llorimer2q@berkeley.edu;Female;2;14;20;16;19;5
Devonne;Bennis;dbennis2r@themeforest.net;Female;3;10;12;16;8;15
Jody;Pobjay;jpobjay2s@baidu.com;Male;15;13;7;7;12;19
Kessiah;Atthow;katthow2t@blinklist.com;Female;4;7;1;2;14;14
Cleon;Elks;celks2u@jigsy.com;Male;12;2;11;5;1;7
Marianna;Shoreman;mshoreman2v@mac.com;Female;2;16;15;4;16;9
Ruth;Krolle;rkrolle2w@multiply.com;Female;3;1;20;3;17;5
Daniele;MacCome;dmaccome2x@hubpages.com;Female;17;5;11;16;10;4
Marysa;Mattussevich;mmattussevich2y@lycos.com;Female;9;1;10;11;19;5
Zonnya;Tamplin;ztamplin2z@economist.com;Female;11;6;9;2;15;11
Justinn;Dadge;jdadge30@quantcast.com;Female;4;7;3;3;18;14
Grant;Gatesman;ggatesman31@ustream.tv;Male;14;13;14;16;1;8
Harlene;Dell Casa;hdellcasa32@zdnet.com;Female;12;6;14;6;13;8
Hildagarde;Newall;hnewall33@state.tx.us;Female;7;15;10;20;19;8
Flori;Bartolomieu;fbartolomieu34@biglobe.ne.jp;Female;5;18;3;12;16;15
Tailor;MacManus;tmacmanus35@pcworld.com;Male;3;10;5;14;15;6
Hurley;Quested;hquested36@cdbaby.com;Male;5;19;6;9;12;19
Consalve;Havoc;chavoc37@qq.com;Male;3;5;13;9;14;4
Kali;Harriott;kharriott38@wufoo.com;Female;8;16;7;17;13;20
Levin;Lyddy;llyddy39@reddit.com;Male;19;15;17;6;6;20
Carine;Mille;cmille3a@spotify.com;Female;6;9;3;18;4;9
Butch;Dispencer;bdispencer3b@topsy.com;Male;16;12;2;9;16;10
Lyndsey;Gorce;lgorce3c@umich.edu;Female;3;3;18;3;15;12
Kassia;Clelle;kclelle3d@issuu.com;Female;2;10;15;19;13;1
Dionis;Moysey;dmoysey3e@blogger.com;Female;14;10;5;2;18;5
Yule;Possel;ypossel3f@i2i.jp;Male;10;16;10;9;4;20
Cyrille;Ketteman;cketteman3g@statcounter.com;Male;17;17;14;1;8;8
Harrie;Nears;hnears3h@cbslocal.com;Female;6;20;7;14;2;2
Fanchette;Laurencot;flaurencot3i@simplemachines.org;Female;13;5;13;8;5;13
Cyb;Fernanando;cfernanando3j@samsung.com;Female;13;17;9;5;16;2
Walliw;Rubin;wrubin3k@macromedia.com;Female;9;1;8;9;10;11
Kristyn;Cancott;kcancott3l@toplist.cz;Female;20;16;6;15;16;2
Colene;Hassent;chassent3m@nih.gov;Non-binary;8;4;17;13;15;3
Tate;Robottom;trobottom3n@wp.com;Genderfluid;1;3;15;11;8;20
Kyla;Reilly;kreilly3o@sphinn.com;Female;12;14;2;13;19;1
Eddie;Liddiard;eliddiard3p@google.co.uk;Female;20;10;12;20;8;4
Maddie;Doubrava;mdoubrava3q@loc.gov;Female;17;7;6;16;11;10
Ileane;Bigrigg;ibigrigg3r@google.pl;Female;8;2;1;14;12;7
Lilly;Marunchak;lmarunchak3s@dedecms.com;Female;15;16;3;19;6;17
Lezley;Knottley;lknottley3t@nih.gov;Male;4;13;9;17;8;4
Barclay;Frearson;bfrearson3u@cam.ac.uk;Male;4;20;7;17;16;7
Tawnya;Saltsberger;tsaltsberger3v@jigsy.com;Female;17;14;15;20;15;4
Uriah;Escalero;uescalero3w@devhub.com;Male;20;12;13;8;10;18
Concettina;Petch;cpetch3x@dyndns.org;Female;16;17;4;9;5;17
Maryellen;Luchetti;mluchetti3y@mediafire.com;Female;9;9;3;7;9;17
Allene;Reimer;areimer3z@addthis.com;Female;12;10;5;14;19;19
Kikelia;Ainslee;kainslee40@geocities.com;Female;19;3;18;13;3;5
Jacynth;Klais;jklais41@buzzfeed.com;Female;16;6;20;18;4;5
Averil;Puckrin;apuckrin42@yellowbook.com;Male;12;12;5;4;14;15
Michal;Seiller;mseiller43@list-manage.com;Male;10;20;4;5;16;4
Cecilio;Birkin;cbirkin44@printfriendly.com;Male;18;8;12;3;14;5
Leta;Baison;lbaison45@google.de;Female;7;14;10;19;12;13
Audry;Viel;aviel46@ed.gov;Female;14;4;11;12;1;2
Natalya;Chastagnier;nchastagnier47@example.com;Female;15;12;7;8;2;1
Lucius;Mawman;lmawman48@fotki.com;Male;14;4;15;2;8;11
Zora;Bury;zbury49@cargocollective.com;Female;3;10;8;16;4;2
Janeen;Beebis;jbeebis4a@blogger.com;Female;15;6;16;4;12;16
Kylynn;Curbishley;kcurbishley4b@elegantthemes.com;Female;7;17;17;11;17;8
Jeanie;Sandars;jsandars4c@earthlink.net;Female;19;8;7;12;6;18
Suki;Pimerick;spimerick4d@tuttocitta.it;Female;3;16;8;4;19;2
My;Howgill;mhowgill4e@samsung.com;Male;4;7;8;6;4;6
Arly;Braunthal;abraunthal4f@1688.com;Female;14;2;17;9;17;5
Elora;Gianetti;egianetti4g@umn.edu;Female;4;14;1;10;17;6
Bran;Frost;bfrost4h@cpanel.net;Male;2;11;8;13;2;19
Ranice;Eykelhof;reykelhof4i@exblog.jp;Female;19;15;11;6;16;14
Desirae;Sauter;dsauter4j@sfgate.com;Female;11;19;19;15;20;5
Munroe;Goldby;mgoldby4k@bluehost.com;Male;7;14;9;8;1;17
Godfry;Goodwell;ggoodwell4l@exblog.jp;Male;20;13;20;6;17;19
Helge;Massard;hmassard4m@pinterest.com;Genderqueer;19;17;15;14;20;18
Trish;Frankcom;tfrankcom4n@cnbc.com;Female;17;4;7;15;13;8
Jobina;Rojas;jrojas4o@nih.gov;Female;11;13;20;13;9;17
Giovanna;Holah;gholah4p@gmpg.org;Female;20;4;10;9;12;11
Garrek;Jerger;gjerger4q@1und1.de;Male;1;1;2;8;17;2
Pooh;Baker;pbaker4r@howstuffworks.com;Male;3;8;20;13;18;3
Johan;Reap;jreap4s@tamu.edu;Male;8;18;7;2;3;4
Patty;Adamowitz;padamowitz4t@yale.edu;Male;16;1;5;19;13;1
Kirstyn;Warburton;kwarburton4u@forbes.com;Female;20;2;9;14;3;7
Victor;Klainman;vklainman4v@un.org;Male;17;13;5;10;8;13
Rachele;Campelli;rcampelli4w@photobucket.com;Female;5;2;2;2;16;5
Jemmy;Succamore;jsuccamore4x@sohu.com;Female;19;20;7;1;4;4
Elladine;Haslam;ehaslam4y@baidu.com;Female;11;8;11;16;9;8
Torry;Shackesby;tshackesby4z@theglobeandmail.com;Male;5;3;11;10;20;4
Libbey;Facchini;lfacchini50@simplemachines.org;Female;1;10;20;16;15;4
Torrance;Glaum;tglaum51@yahoo.com;Male;19;17;17;17;5;13
Beniamino;Wyllcocks;bwyllcocks52@wikimedia.org;Male;19;9;16;5;20;10
Lew;Waliszek;lwaliszek53@amazon.com;Male;12;15;4;18;7;19
Giacopo;Hayers;ghayers54@spotify.com;Male;10;13;4;14;8;12
Hervey;Jeens;hjeens55@mayoclinic.com;Male;6;20;2;9;3;4
Melamie;Claffey;mclaffey56@edublogs.org;Female;10;18;4;8;19;6
Bealle;Conibere;bconibere57@howstuffworks.com;Male;20;12;11;19;5;14
Marylinda;Wadwell;mwadwell58@networkadvertising.org;Female;18;17;1;18;6;4
Annnora;Gaitung;agaitung59@wikimedia.org;Female;13;12;15;11;3;15
Emelita;Staten;estaten5a@ehow.com;Female;16;13;11;17;11;5
Cassandra;Brittan;cbrittan5b@oaic.gov.au;Female;6;3;1;17;20;7
Pierette;Strode;pstrode5c@live.com;Female;5;3;18;7;7;17
Sophia;Sphinxe;ssphinxe5d@wp.com;Female;19;15;11;6;17;5
Ugo;Attridge;uattridge5e@eepurl.com;Male;10;10;20;6;10;9
Odey;Bucksey;obucksey5f@goo.gl;Male;18;14;3;9;14;20
Felisha;Lanaway;flanaway5g@comsenz.com;Female;2;13;5;18;14;10
Nils;Oran;noran5h@1688.com;Male;10;18;18;9;5;8
Lacy;Soloway;lsoloway5i@list-manage.com;Female;15;13;12;20;20;6
Andrus;Jorn;ajorn5j@msn.com;Male;14;19;3;14;11;11
Crysta;Theriot;ctheriot5k@ed.gov;Female;14;12;18;13;19;20
Barty;Kaygill;bkaygill5l@privacy.gov.au;Male;9;13;3;8;18;19
Lauri;Click;lclick5m@time.com;Female;19;9;2;13;13;11
Tremain;O'Canavan;tocanavan5n@forbes.com;Genderqueer;8;13;4;2;20;14
Anderson;Oriel;aoriel5o@nhs.uk;Agender;16;17;17;13;12;4
Skyler;Honsch;shonsch5p@ovh.net;Male;10;20;11;11;6;9
Marilee;Carlens;mcarlens5q@cbc.ca;Female;3;13;6;1;4;11
Nolly;Waggatt;nwaggatt5r@rakuten.co.jp;Male;10;11;16;16;11;12
Valerie;Ordelt;vordelt5s@quantcast.com;Female;12;9;4;11;16;14
Ole;Serrell;oserrell5t@columbia.edu;Male;16;4;11;4;11;18
Hyatt;Dommett;hdommett5u@irs.gov;Male;1;12;17;6;6;5
Mitchael;Kempster;mkempster5v@soundcloud.com;Male;9;11;6;11;3;20
Michael;Croucher;mcroucher5w@pen.io;Genderfluid;13;18;5;5;12;15
Dane;Farra;dfarra5x@sina.com.cn;Male;8;1;18;8;11;12
Jeffrey;Karlsson;jkarlsson5y@wsj.com;Male;18;13;19;9;9;7
Raffaello;Gavaran;rgavaran5z@php.net;Male;18;12;18;19;1;13
Natale;Bertson;nbertson60@ft.com;Male;19;6;2;16;8;6
Hadrian;Vearnals;hvearnals61@livejournal.com;Male;20;14;2;8;17;9
Benton;Tomczak;btomczak62@merriam-webster.com;Male;13;12;17;18;11;19
Edeline;Boynton;eboynton63@tripadvisor.com;Bigender;9;14;3;6;2;16
Oralle;Robbert;orobbert64@msu.edu;Polygender;16;1;20;5;19;18
Stinky;MacTeggart;smacteggart65@yelp.com;Male;13;5;19;9;19;20
Maryann;Quinby;mquinby66@sciencedaily.com;Female;6;17;16;15;10;12
Sabrina;Cree;scree67@yahoo.co.jp;Female;9;13;19;19;15;1
Leonhard;Vallow;lvallow68@nyu.edu;Male;5;8;5;1;14;4
Russell;Tatam;rtatam69@businessweek.com;Male;7;19;4;11;5;2
Rowland;Galbreath;rgalbreath6a@cyberchimps.com;Male;4;6;4;10;6;10
Veronike;Jeness;vjeness6b@shutterfly.com;Female;4;12;5;13;3;1
Shayla;Gitthouse;sgitthouse6c@whitehouse.gov;Female;15;14;4;11;13;7
Morry;Josey;mjosey6d@webmd.com;Male;6;2;13;16;6;20
Mae;Debnam;mdebnam6e@si.edu;Female;8;1;8;18;13;19
Staffard;Prudham;sprudham6f@europa.eu;Male;6;1;11;18;10;7
Constantino;Swainsbury;cswainsbury6g@boston.com;Male;9;16;20;12;3;11
Fitz;Capstake;fcapstake6h@home.pl;Male;20;11;2;14;5;10
Geoff;Buckell;gbuckell6i@so-net.ne.jp;Male;12;6;1;8;20;14
Kenton;Greenstead;kgreenstead6j@webnode.com;Male;16;19;5;11;18;8
Erek;Matushenko;ematushenko6k@shutterfly.com;Male;12;19;16;5;6;11
Cookie;Gossage;cgossage6l@va.gov;Bigender;15;9;8;20;10;4
Stinky;Zamudio;szamudio6m@ft.com;Male;8;4;17;4;16;9
Mason;Satyford;msatyford6n@myspace.com;Male;12;14;6;15;14;6
Orrin;Letty;oletty6o@adobe.com;Male;1;5;13;6;14;5
Barron;Austick;baustick6p@prweb.com;Male;6;18;14;1;10;15
Eada;Folan;efolan6q@cbslocal.com;Agender;13;19;18;2;3;6
Dian;Janiak;djaniak6r@slideshare.net;Female;4;16;14;2;7;5
Nani;Staner;nstaner6s@altervista.org;Female;16;3;20;16;3;13
Paolina;Jacobssen;pjacobssen6t@dailymail.co.uk;Female;13;16;20;1;9;3
Yanaton;Scutt;yscutt6u@sohu.com;Male;13;10;14;2;14;6
Ximenez;Renon;xrenon6v@people.com.cn;Male;14;7;5;1;10;17
Waiter;McComiskie;wmccomiskie6w@berkeley.edu;Male;20;2;15;17;5;19
Swen;Stace;sstace6x@technorati.com;Male;17;15;17;14;15;15
Leah;Camerello;lcamerello6y@va.gov;Female;2;3;9;4;2;18
Tarah;Risom;trisom6z@instagram.com;Female;15;14;8;4;2;2
Ingeborg;Sommerfeld;isommerfeld70@wp.com;Genderfluid;8;10;18;6;18;6
Duane;Morrison;dmorrison71@webs.com;Male;14;1;16;7;7;8
Aubree;Marlin;amarlin72@apache.org;Female;7;3;14;9;18;10
Dede;Jina;djina73@gizmodo.com;Female;3;16;6;7;20;17
Jacklin;Weedall;jweedall74@bloomberg.com;Female;12;19;5;17;18;1
Darrelle;Pree;dpree75@cisco.com;Bigender;18;10;14;10;8;1
Brenna;Bellhanger;bbellhanger76@plala.or.jp;Female;6;13;7;18;4;14
Anna-diana;Server;aserver77@slashdot.org;Female;3;6;18;20;11;7
Clifford;Vokins;cvokins78@bigcartel.com;Male;7;4;11;10;8;10
Malena;Bernocchi;mbernocchi79@whitehouse.gov;Female;17;4;18;7;6;6
Barris;Whetson;bwhetson7a@dropbox.com;Male;3;8;15;18;18;19
Sandy;Kincla;skincla7b@diigo.com;Male;5;15;1;11;8;6
Hannah;McPheat;hmcpheat7c@woothemes.com;Female;7;3;20;13;5;3
Olympia;Feehely;ofeehely7d@quantcast.com;Female;16;11;9;19;7;10
Tades;Penright;tpenright7e@stumbleupon.com;Bigender;10;19;11;5;4;18
Kleon;Wainscot;kwainscot7f@slashdot.org;Male;15;13;18;17;4;14
El;Beachamp;ebeachamp7g@usatoday.com;Male;13;6;2;7;5;2
Harwilll;Castree;hcastree7h@time.com;Male;9;5;13;18;19;18
Marylynne;Telfer;mtelfer7i@vistaprint.com;Female;5;14;6;18;4;3
Mannie;Mabb;mmabb7j@hexun.com;Non-binary;19;3;9;17;17;7
Nancey;Grigolashvill;ngrigolashvill7k@census.gov;Agender;11;9;14;1;11;15
Amandi;Bath;abath7l@nifty.com;Female;6;2;10;6;3;17
Athene;Chastenet;achastenet7m@samsung.com;Female;5;8;5;17;15;7
Zedekiah;Allston;zallston7n@freewebs.com;Male;2;4;19;8;19;11
Cos;Leverett;cleverett7o@gov.uk;Male;8;7;14;13;11;18
Carma;Cuming;ccuming7p@wired.com;Female;10;17;17;9;17;14
Gale;Croser;gcroser7q@webnode.com;Female;16;7;15;7;4;20
Chrysa;Vynall;cvynall7r@blogtalkradio.com;Female;8;19;4;20;12;14
Valentijn;Damarell;vdamarell7s@networkadvertising.org;Male;6;5;6;6;15;12
Devonne;Sheran;dsheran7t@list-manage.com;Female;2;17;7;10;11;2
Kimble;Hawgood;khawgood7u@youtu.be;Male;13;4;19;20;1;4
Cornell;Laxen;claxen7v@discuz.net;Male;11;13;12;10;18;18
Cammy;Clawson;cclawson7w@spotify.com;Male;3;16;4;12;6;18
Warde;Crewe;wcrewe7x@reference.com;Male;2;16;9;10;9;5
Drusie;Oseland;doseland7y@opera.com;Female;10;18;19;8;10;18
Pauly;Dodman;pdodman7z@youku.com;Male;18;20;4;4;5;1
Murry;Tallquist;mtallquist80@mediafire.com;Male;11;2;7;9;20;9
Halsy;Collerd;hcollerd81@macromedia.com;Male;12;17;9;18;1;5
Antone;Lanfare;alanfare82@cbc.ca;Male;11;15;3;12;15;4
Fraser;Siemandl;fsiemandl83@yolasite.com;Male;4;9;14;2;3;11
Philly;Murtell;pmurtell84@sourceforge.net;Female;20;14;3;12;5;1
Merry;Baigrie;mbaigrie85@e-recht24.de;Male;17;5;8;11;15;3
Claretta;Vynehall;cvynehall86@bigcartel.com;Female;4;14;14;11;11;13
Sayer;Leynham;sleynham87@shutterfly.com;Male;1;14;5;3;8;8
Matteo;Breewood;mbreewood88@purevolume.com;Male;18;14;18;20;17;18
Waly;Farries;wfarries89@hc360.com;Female;1;1;7;14;10;11
Goldarina;Baillie;gbaillie8a@histats.com;Female;8;4;2;8;13;19
Lynnelle;Cominoli;lcominoli8b@apache.org;Female;18;8;3;13;17;17
Hephzibah;Armatys;harmatys8c@ezinearticles.com;Female;7;5;2;2;17;12
Iosep;Abernethy;iabernethy8d@hubpages.com;Male;11;5;4;11;15;19
Emmery;Brogini;ebrogini8e@baidu.com;Agender;19;12;15;16;20;15
Lenci;Ivakin;livakin8f@huffingtonpost.com;Male;4;19;11;19;1;5
Phillipp;Troubridge;ptroubridge8g@blogtalkradio.com;Male;9;1;16;10;20;4
Ingeborg;Hechlin;ihechlin8h@uiuc.edu;Female;19;6;14;14;15;2
Daile;Jakubovicz;djakubovicz8i@newsvine.com;Female;10;18;19;2;18;1
Jim;Wyant;jwyant8j@ustream.tv;Male;4;4;15;8;19;17
Carlynn;Whiteway;cwhiteway8k@people.com.cn;Female;9;16;9;18;1;9
Norris;Tilburn;ntilburn8l@comcast.net;Male;17;12;2;7;1;19
Sax;Fosserd;sfosserd8m@feedburner.com;Male;6;11;10;6;4;2
Imojean;Windley;iwindley8n@mit.edu;Female;15;8;19;10;13;8
Gareth;Bernardin;gbernardin8o@opensource.org;Male;6;7;18;10;7;6
Trenton;Serck;tserck8p@opensource.org;Male;14;1;9;5;5;8
Zebulon;MacAndrew;zmacandrew8q@nytimes.com;Male;19;16;19;10;17;14
Carry;Jozwicki;cjozwicki8r@last.fm;Female;7;11;17;14;12;8
Wang;Mullard;wmullard8s@xing.com;Male;1;17;2;9;1;7
Kameko;Gotts;kgotts8t@amazon.co.uk;Female;9;15;1;11;17;15
Fey;Fowlestone;ffowlestone8u@163.com;Female;9;18;10;13;19;17
Wood;McKeon;wmckeon8v@i2i.jp;Male;10;19;6;10;20;3
Smith;Malan;smalan8w@devhub.com;Male;10;17;18;19;2;9
Gena;Tims;gtims8x@latimes.com;Female;7;12;9;17;11;19
Kimberlyn;Mendes;kmendes8y@umich.edu;Female;7;4;7;17;15;13
Cordey;Aitchison;caitchison8z@about.com;Female;17;20;4;13;15;11
Esta;Kilgrew;ekilgrew90@imdb.com;Genderfluid;3;12;11;18;1;6
Matilde;Knibb;mknibb91@europa.eu;Female;2;14;11;4;19;6
Aggy;Lindwasser;alindwasser92@bigcartel.com;Female;16;1;15;10;17;15
Vin;Stalley;vstalley93@mysql.com;Agender;16;17;8;2;16;9
Leanora;Fettiplace;lfettiplace94@cbslocal.com;Female;15;8;7;9;18;14
Giovanni;Samwaye;gsamwaye95@hhs.gov;Bigender;7;11;4;6;4;10
Lenora;Mulvaney;lmulvaney96@epa.gov;Female;2;13;20;20;15;12
Odelle;Alishoner;oalishoner97@bigcartel.com;Polygender;19;12;13;19;18;19
Saul;Clelle;sclelle98@nyu.edu;Male;19;6;7;15;9;19
Cherye;Pietrusiak;cpietrusiak99@soup.io;Female;13;2;3;2;8;6
Randolph;Guttridge;rguttridge9a@dmoz.org;Male;20;19;12;20;15;11
Kathye;Roskell;kroskell9b@google.es;Female;14;13;12;20;8;4
Karilynn;Winkle;kwinkle9c@loc.gov;Female;4;9;17;3;17;3
Adamo;Putson;aputson9d@amazon.co.uk;Male;6;16;10;18;2;12
Jennette;Gerry;jgerry9e@weibo.com;Female;14;12;19;2;7;12
Meriel;Goreisr;mgoreisr9f@acquirethisname.com;Female;10;1;10;11;19;11
Sheridan;Picott;spicott9g@goo.gl;Male;15;2;15;19;10;18
York;Korbmaker;ykorbmaker9h@guardian.co.uk;Male;11;17;8;1;18;13
Innis;Townshend;itownshend9i@over-blog.com;Male;16;4;13;10;8;2
Quentin;Dellenbrook;qdellenbrook9j@google.com.hk;Female;17;10;19;19;13;1
Revkah;Christophersen;rchristophersen9k@histats.com;Female;2;4;12;13;9;11
Felita;Hylden;fhylden9l@cnbc.com;Female;19;4;13;14;9;15
Syman;Galier;sgalier9m@tmall.com;Male;1;18;14;17;20;1
Yard;Pollack;ypollack9n@prnewswire.com;Male;20;10;13;14;19;11
Ingunna;Kerrich;ikerrich9o@acquirethisname.com;Female;2;12;13;19;3;6
Cherise;Jersch;cjersch9p@istockphoto.com;Female;8;16;4;18;4;13
Liam;Kemish;lkemish9q@networkadvertising.org;Male;6;12;18;17;11;17
Marv;Abbett;mabbett9r@themeforest.net;Male;19;8;2;20;18;2
Josie;Poles;jpoles9s@geocities.jp;Female;5;1;5;5;8;3
Devora;McShee;dmcshee9t@pen.io;Female;14;13;20;13;18;15
Kristopher;Dight;kdight9u@go.com;Male;7;7;18;8;16;13
Juline;Medwell;jmedwell9v@wikipedia.org;Female;1;16;14;7;10;14
Cecilius;Aim;caim9w@oaic.gov.au;Male;2;10;4;13;11;20
Corrie;Keizman;ckeizman9x@163.com;Female;19;9;10;6;2;19
Dulci;Dragoe;ddragoe9y@stumbleupon.com;Female;16;19;2;6;1;16
Gilemette;Bossel;gbossel9z@fema.gov;Female;6;5;11;5;13;10
Marrilee;Grunnill;mgrunnilla0@dailymotion.com;Female;16;6;19;16;5;17
Harrison;Millhouse;hmillhousea1@networksolutions.com;Male;4;8;7;1;12;2
Marga;Absolon;mabsolona2@abc.net.au;Female;3;2;5;16;8;16
Gabriela;Collister;gcollistera3@comsenz.com;Female;1;1;20;7;1;14
Murdoch;Vinall;mvinalla4@networkadvertising.org;Male;10;2;11;5;1;18
Amitie;Clowser;aclowsera5@un.org;Female;18;17;12;13;17;17
Tamiko;Ballinghall;tballinghalla6@europa.eu;Female;11;3;14;19;8;8
Matty;Joncic;mjoncica7@icio.us;Male;3;5;1;1;3;14
Bernardina;Bewshire;bbewshirea8@ezinearticles.com;Female;14;13;19;11;18;8
Selena;Piddocke;spiddockea9@alexa.com;Female;5;3;14;9;14;18
Giles;Garlant;ggarlantaa@omniture.com;Male;16;11;11;11;9;15
Debby;Bainton;dbaintonab@rakuten.co.jp;Female;9;11;6;5;16;20
Erda;Ingerith;eingerithac@forbes.com;Female;12;10;7;16;20;12
Gino;Burkwood;gburkwoodad@google.pl;Male;15;9;17;18;18;12
Jenny;Demange;jdemangeae@mapquest.com;Female;3;18;14;13;7;16
Dione;Crummey;dcrummeyaf@telegraph.co.uk;Female;8;14;9;9;12;19
Adina;Ionnisian;aionnisianag@opensource.org;Female;1;3;5;19;3;11
Ebonee;Simmgen;esimmgenah@aol.com;Female;9;3;10;12;13;12
Tedie;Sola;tsolaai@princeton.edu;Bigender;13;20;4;9;9;14
Heinrik;Pharro;hpharroaj@blogspot.com;Genderfluid;3;18;15;3;7;15
Jennette;Keston;jkestonak@homestead.com;Female;10;10;4;5;3;20
Wendeline;McKennan;wmckennanal@businessweek.com;Female;8;2;14;11;8;16
Rockey;Blaymires;rblaymiresam@fc2.com;Male;12;2;9;7;17;14
Carie;Bukac;cbukacan@newsvine.com;Female;14;6;4;18;20;5
Hadlee;Lomansey;hlomanseyao@hugedomains.com;Male;2;19;5;16;6;9
Morna;Hanaford;mhanafordap@timesonline.co.uk;Female;5;15;17;7;10;6
Sapphira;Derham;sderhamaq@dion.ne.jp;Female;15;8;10;15;16;12
Bram;Darlow;bdarlowar@mapy.cz;Male;9;17;19;5;2;20
Brittney;Yearron;byearronas@naver.com;Female;19;1;10;20;2;3
Ram;Peert;rpeertat@go.com;Male;5;5;5;14;3;18
Beverlee;Douthwaite;bdouthwaiteau@about.com;Female;10;6;5;14;3;6
Patten;Wadie;pwadieav@ehow.com;Male;18;4;3;4;20;17
Wally;Livezley;wlivezleyaw@amazonaws.com;Female;13;11;14;5;17;8
Lock;Coggeshall;lcoggeshallax@eventbrite.com;Non-binary;6;9;3;16;13;7
Thorn;Benzies;tbenziesay@senate.gov;Male;14;16;2;19;6;2
Nonah;Pizey;npizeyaz@behance.net;Female;20;14;1;20;1;4
Corabella;Orwin;corwinb0@deliciousdays.com;Genderfluid;14;18;4;19;7;9
Camilla;Stockton;cstocktonb1@marketwatch.com;Genderfluid;19;11;17;11;15;13
Fields;Quirk;fquirkb2@networkadvertising.org;Male;12;6;14;6;16;5
Karoly;Stitle;kstitleb3@mapy.cz;Female;12;9;14;4;1;15
Kyle;Brompton;kbromptonb4@wired.com;Male;10;2;20;15;12;3
Ermentrude;Dayce;edayceb5@google.es;Female;10;19;16;9;17;19
Birch;Verring;bverringb6@printfriendly.com;Male;3;11;4;5;4;4
Gypsy;Graalmans;ggraalmansb7@economist.com;Female;11;4;14;9;12;8
Andriana;Tellett;atellettb8@t-online.de;Female;13;3;15;17;3;8
Honoria;Nortcliffe;hnortcliffeb9@seesaa.net;Female;18;9;12;17;5;11
Brigit;Mullane;bmullaneba@goo.gl;Female;8;8;14;2;19;9
Cass;Jehan;cjehanbb@discuz.net;Male;20;13;12;5;18;9
Khalil;Hales;khalesbc@yahoo.co.jp;Male;12;4;11;1;11;8
Elsworth;Hillatt;ehillattbd@sitemeter.com;Male;11;14;17;1;8;1
Elisabetta;Hartright;ehartrightbe@acquirethisname.com;Female;19;6;13;18;1;4
Tanitansy;Keyser;tkeyserbf@princeton.edu;Female;9;4;13;13;12;9
Angelika;Aliman;aalimanbg@biblegateway.com;Female;3;5;15;6;2;4
Kenna;McGenis;kmcgenisbh@mapquest.com;Bigender;3;6;14;14;2;6
Shaun;Fidal;sfidalbi@berkeley.edu;Female;6;16;11;13;17;2
Germana;Roslen;groslenbj@tamu.edu;Female;14;17;10;15;1;11
Jimmy;Switland;jswitlandbk@mtv.com;Polygender;11;12;1;2;2;7
Mathilda;Houltham;mhoulthambl@mysql.com;Female;16;7;12;9;19;9
Lowe;Templeton;ltempletonbm@sakura.ne.jp;Male;16;7;4;2;1;9
Zed;Bradberry;zbradberrybn@cornell.edu;Male;9;11;20;5;1;5
Perla;Breede;pbreedebo@merriam-webster.com;Non-binary;9;6;9;8;8;5
Heath;Hinnerk;hhinnerkbp@godaddy.com;Male;2;11;1;8;15;1
Idelle;McAirt;imcairtbq@spiegel.de;Female;17;11;12;18;16;19
Winnah;Bleby;wblebybr@delicious.com;Female;5;20;14;9;2;17
Saidee;Dewfall;sdewfallbs@cafepress.com;Female;20;5;11;4;9;18
Trish;Seabrocke;tseabrockebt@pen.io;Female;9;13;8;7;9;11
Monro;Goor;mgoorbu@icq.com;Male;12;19;10;16;14;13
Brynne;Schaben;bschabenbv@studiopress.com;Female;15;13;10;16;10;19
Reade;Toppin;rtoppinbw@privacy.gov.au;Male;18;7;19;12;1;6
Celina;Sinney;csinneybx@sogou.com;Female;12;12;11;14;7;20
Fielding;Prest;fprestby@theatlantic.com;Male;12;11;3;5;11;12
Putnam;Kegan;pkeganbz@ehow.com;Male;12;15;11;7;6;16
Dannie;Burgis;dburgisc0@w3.org;Male;4;16;9;9;2;3
Phylys;Gommowe;pgommowec1@ebay.co.uk;Female;20;4;1;17;9;4
Cristen;Volant;cvolantc2@github.com;Female;8;9;13;13;4;17
Hillyer;Eakle;heaklec3@newyorker.com;Male;13;6;2;14;15;1
Amitie;Skough;askoughc4@fda.gov;Female;2;16;20;15;20;5
Ab;Guiot;aguiotc5@google.ca;Male;14;1;6;10;5;15
Charlotte;Mayoral;cmayoralc6@1und1.de;Female;17;5;2;1;12;9
Otho;Winnister;owinnisterc7@arizona.edu;Male;20;14;12;17;19;2
Bryan;Menaul;bmenaulc8@samsung.com;Male;6;3;8;9;20;4
Tab;Hamblen;thamblenc9@narod.ru;Male;5;4;9;5;14;13
Niven;Rove;nroveca@sbwire.com;Male;16;8;12;15;19;1
Pearla;Road;proadcb@wiley.com;Female;20;18;12;20;3;4
Lucy;Haslen;lhaslencc@hc360.com;Female;2;9;17;1;9;2
Jeane;Petracci;jpetraccicd@cnet.com;Genderqueer;12;14;7;15;11;14
Lucio;Kettoe;lkettoece@usgs.gov;Male;2;11;17;13;20;1
Mersey;Simunek;msimunekcf@nyu.edu;Female;16;14;17;10;7;10
Towny;Adlington;tadlingtoncg@devhub.com;Male;20;14;16;13;11;19
Ianthe;Finby;ifinbych@feedburner.com;Female;9;17;15;9;13;18
Mariejeanne;Panniers;mpanniersci@ca.gov;Female;15;3;2;12;2;8
Ethelda;De Ruel;ederuelcj@studiopress.com;Female;16;17;18;16;6;14
Livvyy;Tratton;ltrattonck@fda.gov;Female;17;8;11;5;4;10
Opalina;Abelov;oabelovcl@desdev.cn;Female;13;10;9;17;11;11
Layney;Kender;lkendercm@mashable.com;Female;11;12;2;12;7;12
Nadeen;O'Shesnan;noshesnancn@webeden.co.uk;Female;17;5;14;6;10;2
Merwin;McIlwaine;mmcilwaineco@pagesperso-orange.fr;Male;11;5;13;6;3;20
Leigha;Threlkeld;lthrelkeldcp@moonfruit.com;Bigender;4;10;16;1;2;10
Reuben;Corneck;rcorneckcq@umn.edu;Male;17;8;4;17;3;1
Vladamir;Petasch;vpetaschcr@newyorker.com;Male;10;7;14;4;14;9
Nigel;Vallance;nvallancecs@infoseek.co.jp;Male;2;17;6;19;19;10
Winonah;Yoskowitz;wyoskowitzct@harvard.edu;Female;9;3;8;19;5;4
Neille;Snelman;nsnelmancu@fotki.com;Female;14;10;8;12;13;6
Keith;Pafford;kpaffordcv@eventbrite.com;Male;16;18;20;7;11;12
Field;Rolston;frolstoncw@fda.gov;Male;9;19;6;18;16;7
Cassondra;Castagnaro;ccastagnarocx@yellowbook.com;Female;6;11;20;18;16;5
Wallas;MacKartan;wmackartancy@hibu.com;Male;5;5;5;17;15;7
Caspar;Bracegirdle;cbracegirdlecz@slate.com;Male;18;12;8;3;13;4
Kendra;Gibbeson;kgibbesond0@barnesandnoble.com;Genderqueer;8;18;16;15;18;3
Ulrich;Sorsby;usorsbyd1@adobe.com;Male;4;19;4;17;5;11
Meg;Mullen;mmullend2@hp.com;Female;9;11;19;3;9;5
Shermy;Stickings;sstickingsd3@yolasite.com;Male;10;17;20;9;9;9
Francisca;Udden;fuddend4@home.pl;Non-binary;17;13;2;11;8;2
Kelsey;Lanmeid;klanmeidd5@e-recht24.de;Male;6;14;18;18;8;1
Kaleb;Bicheno;kbichenod6@smugmug.com;Male;20;17;11;9;17;12
Gunar;Oxherd;goxherdd7@slate.com;Genderqueer;2;14;13;9;12;13
Skippy;Tiebe;stiebed8@hibu.com;Male;5;14;10;1;1;1
Vanessa;Uman;vumand9@ftc.gov;Female;13;12;2;7;1;5
Hamid;Elman;helmanda@yellowbook.com;Male;18;4;1;12;2;3
Maud;Jorn;mjorndb@de.vu;Female;12;8;7;17;11;17
Robinetta;McNelly;rmcnellydc@nbcnews.com;Female;17;16;1;8;1;19
Dewey;Edmonstone;dedmonstonedd@hhs.gov;Male;1;3;13;20;18;5
Sinclair;Barkus;sbarkusde@weather.com;Male;19;20;14;5;17;14
Gui;Switzer;gswitzerdf@imdb.com;Female;4;7;20;16;4;14
Hendrick;Seacroft;hseacroftdg@apache.org;Male;7;3;18;12;12;15
Padriac;Pinck;ppinckdh@360.cn;Male;8;18;12;7;8;7
Aubine;Lawrey;alawreydi@freewebs.com;Female;20;12;4;14;19;13
Nola;Hughson;nhughsondj@jiathis.com;Female;4;12;9;17;2;7
Taddeo;Flahive;tflahivedk@skype.com;Male;8;8;10;8;1;14
Page;McKag;pmckagdl@answers.com;Female;18;19;6;7;7;2
Arvin;Sherlock;asherlockdm@miibeian.gov.cn;Male;18;5;13;19;13;14
Winny;Odgers;wodgersdn@bloomberg.com;Female;20;20;20;8;1;12
Fanchette;Banham;fbanhamdo@moonfruit.com;Female;6;20;7;4;19;14
Harrison;Lorentzen;hlorentzendp@independent.co.uk;Male;11;8;2;17;14;17
Inesita;Ellerington;ielleringtondq@time.com;Female;20;20;7;5;3;1
Sherlock;Lauder;slauderdr@nifty.com;Male;13;10;11;7;4;4
Artie;Bilsland;abilslandds@economist.com;Male;17;7;1;12;15;9
Gunner;Daintrey;gdaintreydt@salon.com;Male;13;1;20;19;1;15
Roderick;Rummins;rrumminsdu@yale.edu;Polygender;17;3;9;14;7;17
Harriette;Gieves;hgievesdv@simplemachines.org;Genderfluid;18;17;1;9;4;13
Hilary;Maclaine;hmaclainedw@europa.eu;Female;3;14;12;18;18;12
Tommi;Ivy;tivydx@about.com;Female;4;15;6;7;4;8
Pernell;Farnill;pfarnilldy@gnu.org;Male;3;10;16;2;1;1
Heida;Durdan;hdurdandz@tumblr.com;Female;3;13;9;14;10;13
Gabe;Dickin;gdickine0@umn.edu;Male;3;12;13;5;2;2
Clywd;Sheed;csheede1@ehow.com;Male;17;8;2;11;16;17
Heloise;Dawidowitsch;hdawidowitsche2@mac.com;Female;16;14;16;20;8;2
Nichole;Daintith;ndaintithe3@mediafire.com;Non-binary;16;13;3;5;1;13
Dania;Setford;dsetforde4@yolasite.com;Female;14;15;8;18;18;6
Zackariah;Garrould;zgarroulde5@wikipedia.org;Male;5;8;7;14;11;1
Griz;Bennough;gbennoughe6@fc2.com;Male;8;2;6;2;18;1
Micaela;Parradye;mparradyee7@reuters.com;Female;1;13;19;18;6;15
Kerwinn;Fipp;kfippe8@mozilla.org;Male;12;2;8;19;1;15
Rem;Tomkins;rtomkinse9@indiegogo.com;Male;18;11;1;4;9;2
Enrica;Picardo;epicardoea@liveinternet.ru;Non-binary;11;17;11;3;7;16
Gardy;Nisuis;gnisuiseb@newyorker.com;Male;14;4;18;5;8;12
Geoffry;Brunotti;gbrunottiec@usatoday.com;Male;5;13;10;14;12;3
Allsun;Helliker;ahellikered@4shared.com;Female;13;11;7;6;14;19
Horst;Boyington;hboyingtonee@hc360.com;Male;7;10;12;6;5;8
Margit;McGorley;mmcgorleyef@latimes.com;Female;5;5;19;17;15;4
Aharon;Houldin;ahouldineg@github.com;Male;6;3;2;4;15;20
Faustina;Sambedge;fsambedgeeh@4shared.com;Female;20;12;9;9;13;5
Poppy;Bourbon;pbourbonei@abc.net.au;Female;9;16;5;20;14;16
Shayla;Klulik;sklulikej@bloomberg.com;Female;2;20;17;20;1;9
Cully;Di Gregorio;cdigregorioek@over-blog.com;Male;11;10;13;12;5;14
Estelle;Warhurst;ewarhurstel@about.com;Female;2;11;15;7;18;14
Grant;Shaxby;gshaxbyem@nyu.edu;Male;1;5;17;2;19;14
Raynor;Chaman;rchamanen@wp.com;Male;6;15;17;4;10;5
Solomon;Sapir;ssapireo@angelfire.com;Male;19;7;6;14;11;13
Chloe;McGuffog;cmcguffogep@homestead.com;Female;19;8;11;15;18;17
Alon;Adhams;aadhamseq@devhub.com;Male;3;11;10;19;9;2
Lief;Rixon;lrixoner@gov.uk;Male;19;3;8;1;7;12
Romain;Stallwood;rstallwoodes@hubpages.com;Male;8;5;8;19;20;1
Trevor;Orpin;torpinet@answers.com;Male;8;4;9;10;16;12
Merrielle;Larkin;mlarkineu@blinklist.com;Female;11;9;1;13;19;15
Natty;Stainfield;nstainfieldev@unblog.fr;Agender;6;8;10;17;17;18
Rolland;Norvell;rnorvellew@yellowpages.com;Male;11;12;13;2;12;15
Philbert;McGoon;pmcgoonex@icq.com;Male;1;5;17;17;1;7
Leda;Prew;lprewey@jigsy.com;Female;17;15;17;13;7;1
Jessa;Loadman;jloadmanez@google.pl;Female;15;20;4;2;12;1
Junia;Antunez;jantunezf0@multiply.com;Polygender;13;6;11;7;3;13
Quintus;McDell;qmcdellf1@nymag.com;Male;18;16;15;16;2;13
Abby;Lewty;alewtyf2@nymag.com;Female;4;9;9;19;12;18
Jonathon;Dennerly;jdennerlyf3@over-blog.com;Male;12;9;16;8;5;14
Hilary;Lewzey;hlewzeyf4@biblegateway.com;Female;10;2;17;8;6;17
Clement;McCalister;cmccalisterf5@squidoo.com;Male;4;17;8;16;1;6
Sarge;Grolle;sgrollef6@army.mil;Male;11;15;15;19;14;16
Tracey;Udie;tudief7@google.nl;Agender;20;11;3;11;15;17
Roberta;Merwood;rmerwoodf8@ucoz.com;Female;11;5;8;12;5;12
Bryna;Crotty;bcrottyf9@cisco.com;Female;10;14;15;12;20;11
Charlie;Fleury;cfleuryfa@ustream.tv;Bigender;5;16;16;11;3;19
Kayne;Slevin;kslevinfb@jiathis.com;Male;8;13;1;14;15;20
Nara;Roby;nrobyfc@icio.us;Female;3;7;8;20;3;17
Lauryn;Marchent;lmarchentfd@mashable.com;Female;11;8;8;14;15;5
Ian;Wilcher;iwilcherfe@loc.gov;Genderqueer;11;10;14;20;7;12
Fredelia;Allden;falldenff@businesswire.com;Female;11;3;19;10;2;20
Blanca;Drennan;bdrennanfg@wikia.com;Female;5;17;6;20;20;9
Irving;Conti;icontifh@shop-pro.jp;Male;4;3;4;10;7;4
Moise;Kiernan;mkiernanfi@howstuffworks.com;Male;10;9;14;16;10;10
Berthe;Winwright;bwinwrightfj@mozilla.com;Female;18;10;9;8;20;2
Garth;Borne;gbornefk@stanford.edu;Male;8;11;5;19;14;13
Dodi;Voas;dvoasfl@nasa.gov;Female;11;10;19;4;6;3
Natty;Minmagh;nminmaghfm@com.com;Female;13;18;10;11;15;4
Sashenka;Downe;sdownefn@statcounter.com;Female;20;15;11;14;10;11
Burr;Basnall;bbasnallfo@liveinternet.ru;Male;11;6;4;5;19;2
Amble;Jersh;ajershfp@tiny.cc;Male;15;19;18;4;2;19
Jeralee;Junkison;jjunkisonfq@nsw.gov.au;Female;13;10;5;2;4;20
Tailor;Winstanley;twinstanleyfr@google.it;Male;6;10;3;19;9;9
Sullivan;Loxley;sloxleyfs@multiply.com;Male;17;17;4;13;14;15
Dehlia;Arnaldo;darnaldoft@howstuffworks.com;Female;12;2;9;1;13;19
Priscilla;Cubin;pcubinfu@desdev.cn;Female;13;20;17;19;1;10
Bari;Salliere;bsallierefv@ftc.gov;Female;20;17;17;15;5;16
Vlad;Burgott;vburgottfw@harvard.edu;Male;19;6;1;10;15;14
Corri;Trendle;ctrendlefx@ox.ac.uk;Female;13;10;14;19;11;6
Tamiko;Staten;tstatenfy@booking.com;Female;14;18;9;3;13;11
Robert;Delgado;rdelgadofz@github.io;Male;10;11;15;13;19;19
Noll;Jeffs;njeffsg0@desdev.cn;Male;13;14;7;18;6;17
Birgitta;Wildes;bwildesg1@kickstarter.com;Female;8;3;8;12;19;1
Ferdinand;Byrkmyr;fbyrkmyrg2@howstuffworks.com;Male;14;6;5;20;4;6
Arturo;Peris;aperisg3@google.ru;Male;11;9;7;4;3;16
Mortie;Kornyshev;mkornyshevg4@sbwire.com;Male;4;13;6;11;13;17
Ellery;Courvert;ecourvertg5@livejournal.com;Male;15;15;11;4;17;10
Irvine;Chettle;ichettleg6@edublogs.org;Male;6;3;2;15;6;9
Kakalina;Gittings;kgittingsg7@a8.net;Female;9;10;20;8;8;16
Nettle;Bolden;nboldeng8@nyu.edu;Female;10;6;2;4;10;13
Sherline;Fintoph;sfintophg9@globo.com;Female;6;10;6;10;17;10
Latrina;Viger;lvigerga@ucla.edu;Female;20;10;9;5;9;20
Christen;Kay;ckaygb@webmd.com;Genderqueer;12;12;18;10;11;4
Laney;Rummings;lrummingsgc@jimdo.com;Genderqueer;16;3;12;13;9;15
Bette;Leipold;bleipoldgd@reuters.com;Female;15;4;7;4;5;11
Jed;Olennikov;jolennikovge@arstechnica.com;Male;18;17;15;8;11;2
Melany;Pizey;mpizeygf@census.gov;Female;20;12;20;20;2;1
Morse;Buckthorpe;mbuckthorpegg@washington.edu;Male;1;5;4;11;2;11
Winona;Nevet;wnevetgh@google.com;Female;6;7;10;16;8;1
Brynna;Luck;bluckgi@slashdot.org;Female;9;13;20;8;3;13
Bear;Izatson;bizatsongj@networksolutions.com;Male;20;4;4;10;19;16
Brooks;Grigorio;bgrigoriogk@addthis.com;Female;8;20;6;20;14;17
Urban;Butting;ubuttinggl@google.com.br;Male;20;9;10;9;13;19
Norris;Grindlay;ngrindlaygm@a8.net;Male;2;5;14;5;7;2
Samson;Prichard;sprichardgn@t-online.de;Male;15;10;6;15;7;8
Glenn;Witherup;gwitherupgo@sakura.ne.jp;Female;1;11;3;14;15;4
Alanson;Davidi;adavidigp@lulu.com;Male;7;19;20;12;7;14
Claudine;Schust;cschustgq@fema.gov;Female;6;8;8;19;3;4
Mel;Ashburne;mashburnegr@networkadvertising.org;Male;12;3;20;13;17;17
Drew;Chesworth;dchesworthgs@berkeley.edu;Male;16;18;12;16;19;1
Wandie;McDyer;wmcdyergt@ow.ly;Female;6;6;7;8;16;7
Devonne;Castro;dcastrogu@netlog.com;Female;8;20;7;2;7;8
Eleanor;Marlowe;emarlowegv@thetimes.co.uk;Female;4;14;1;9;16;6
Daria;Nabbs;dnabbsgw@e-recht24.de;Female;7;15;15;8;19;11
Egbert;Parkman;eparkmangx@posterous.com;Non-binary;6;12;6;5;10;16
Jessa;Lampitt;jlampittgy@typepad.com;Female;8;6;17;8;6;13
Peter;Cridlon;pcridlongz@hc360.com;Agender;12;17;18;20;3;4
Corly;Drakes;cdrakesh0@technorati.com;Female;5;2;4;9;4;5
Lenora;Ernke;lernkeh1@ebay.com;Female;7;16;17;19;7;15
Amerigo;Morecomb;amorecombh2@artisteer.com;Male;16;6;5;7;7;2
Timoteo;Ondra;tondrah3@goo.gl;Male;1;4;1;17;2;7
Angelica;Mayell;amayellh4@irs.gov;Female;5;1;3;5;16;18
Puff;Lints;plintsh5@ustream.tv;Male;9;3;6;9;1;15
Dottie;Mullis;dmullish6@admin.ch;Female;17;18;17;14;11;9
Theodora;McGookin;tmcgookinh7@google.com;Polygender;12;13;14;19;3;11
Christie;Temlett;ctemletth8@twitpic.com;Female;9;10;14;4;3;10
Rick;Hoffman;rhoffmanh9@google.ru;Male;17;18;17;1;7;12
Jedidiah;Guilaem;jguilaemha@1688.com;Male;12;17;5;13;11;11
Anette;Giddings;agiddingshb@netscape.com;Female;12;16;16;6;8;7
Silvester;Welsh;swelshhc@paginegialle.it;Male;11;4;20;19;9;4
Richart;Coaster;rcoasterhd@hhs.gov;Male;4;5;6;4;18;7
Rakel;Pinwell;rpinwellhe@hostgator.com;Agender;2;1;20;4;1;12
Alida;Mair;amairhf@photobucket.com;Female;19;9;11;7;2;6
Brocky;Clendinning;bclendinninghg@sciencedaily.com;Male;18;19;3;9;16;19
Herve;Manwaring;hmanwaringhh@intel.com;Male;15;12;20;10;14;14
Ruby;Trustrie;rtrustriehi@phpbb.com;Male;7;4;5;6;13;4
Alaric;Mc Caughan;amccaughanhj@pagesperso-orange.fr;Male;6;12;11;2;9;2
Lani;Stubbington;lstubbingtonhk@printfriendly.com;Female;3;11;8;15;10;1
Geri;O'Curneen;gocurneenhl@vinaora.com;Female;5;9;8;7;16;14
Morris;Rubberts;mrubbertshm@theguardian.com;Male;16;10;10;4;8;2
Alyda;Savege;asavegehn@edublogs.org;Female;14;7;5;8;1;19
Ignacius;Craigheid;icraigheidho@angelfire.com;Male;19;19;18;5;12;8
Martguerita;Southerell;msoutherellhp@purevolume.com;Female;3;19;17;1;19;5
Demetre;Bryan;dbryanhq@twitter.com;Male;10;16;15;14;13;3
Agneta;Pelling;apellinghr@reference.com;Female;17;4;5;12;6;9
Matty;Shailer;mshailerhs@salon.com;Male;12;6;13;20;20;6
Aldric;Weall;aweallht@ca.gov;Male;13;19;15;18;3;11
Arron;Winspurr;awinspurrhu@go.com;Male;5;9;18;14;16;10
Urbano;Kezor;ukezorhv@amazon.co.uk;Male;11;11;13;20;1;18
Kerby;Clemmett;kclemmetthw@wikispaces.com;Male;10;3;6;10;1;15
Reinwald;O'Logan;rologanhx@sohu.com;Male;20;4;19;17;11;14
Garland;Janczyk;gjanczykhy@miibeian.gov.cn;Female;20;6;13;11;5;7
Demetris;Egan;deganhz@g.co;Male;15;12;16;17;13;19
Normy;Jaye;njayei0@amazon.de;Male;1;18;1;10;11;9
Brent;Tirone;btironei1@jigsy.com;Male;11;13;3;6;19;8
Sandra;Gillcrist;sgillcristi2@barnesandnoble.com;Female;7;15;13;7;4;7
Fitzgerald;Falvey;ffalveyi3@sciencedaily.com;Male;19;10;13;11;16;16
Gerome;Yakolev;gyakolevi4@sbwire.com;Male;2;14;6;2;3;6
Avram;Iban;aibani5@dedecms.com;Male;1;1;12;9;1;3
Price;Marns;pmarnsi6@soundcloud.com;Male;18;16;13;10;20;6
Windy;Rule;wrulei7@prlog.org;Non-binary;7;16;3;13;18;1
Tommie;MacCauley;tmaccauleyi8@comcast.net;Female;8;9;15;12;7;16
Iona;Senogles;isenoglesi9@cisco.com;Polygender;17;5;18;12;20;17
Tani;Stockey;tstockeyia@oaic.gov.au;Female;4;18;3;15;10;5
Madeline;Cessford;mcessfordib@squarespace.com;Female;14;11;14;5;6;6
Rogers;Dessaur;rdessauric@storify.com;Male;7;17;5;2;12;2
Lammond;Margrie;lmargrieid@wordpress.com;Male;1;4;19;19;17;16
Randal;Bollands;rbollandsie@dailymail.co.uk;Bigender;18;8;15;11;10;2
Laird;Leftwich;lleftwichif@salon.com;Genderqueer;6;8;2;16;16;12
Caleb;Crighton;ccrightonig@tumblr.com;Male;1;15;9;10;13;2
Zia;Yakovlev;zyakovlevih@twitter.com;Female;1;6;18;1;12;17
Chaunce;Swains;cswainsii@businessinsider.com;Male;7;7;19;11;2;7
Jessey;Gerhold;jgerholdij@icio.us;Male;18;4;17;16;18;2
Rees;Rockall;rrockallik@epa.gov;Male;1;5;11;16;14;1
Forester;Barden;fbardenil@behance.net;Male;20;2;7;18;2;20
Harmony;Braams;hbraamsim@free.fr;Genderqueer;17;20;12;1;19;20
Lavena;Taverner;ltavernerin@shutterfly.com;Female;13;11;6;4;12;6
Carson;Franzini;cfranziniio@topsy.com;Male;16;10;20;20;8;13
Ranice;Beverley;rbeverleyip@google.ca;Female;17;9;1;9;12;16
Kerby;Bamlett;kbamlettiq@samsung.com;Male;18;19;16;5;13;17
Deloris;Chaffyn;dchaffynir@wikia.com;Female;5;4;4;20;10;11
Joel;Antonucci;jantonucciis@goo.gl;Male;5;16;5;11;8;14
Pam;Weeks;pweeksit@dell.com;Female;16;18;17;14;19;1
Bess;Haycroft;bhaycroftiu@yelp.com;Female;8;5;9;2;2;18
Junia;Trim;jtrimiv@naver.com;Female;13;1;10;12;2;7
Travers;Oliphand;toliphandiw@furl.net;Male;14;3;11;8;7;15
Cross;Kruschev;ckruschevix@statcounter.com;Male;7;10;16;11;13;16
Iorgo;Condy;icondyiy@cam.ac.uk;Male;9;12;17;20;20;20
Cybil;Blaasch;cblaaschiz@google.co.uk;Female;7;16;1;17;7;17
Lenna;Fagg;lfaggj0@jugem.jp;Non-binary;5;10;1;14;15;14
Shandra;Karys;skarysj1@goo.ne.jp;Female;14;3;7;17;3;17
Jermayne;Gerrard;jgerrardj2@paginegialle.it;Male;17;15;2;17;13;14
Lona;Derby;lderbyj3@arizona.edu;Female;9;15;13;4;16;15
Rob;Upstell;rupstellj4@bizjournals.com;Male;17;7;4;5;8;2
Cordie;Alessandretti;calessandrettij5@nifty.com;Female;7;18;9;6;17;6
Kirstin;Harriss;kharrissj6@github.io;Female;19;19;8;18;19;9
Clevie;Rastall;crastallj7@globo.com;Male;6;14;8;18;10;14
Timmy;Millwall;tmillwallj8@xinhuanet.com;Male;4;10;12;16;1;14
Rutter;Cressey;rcresseyj9@nhs.uk;Male;4;16;9;16;4;16
Boot;Cornilli;bcornillija@fda.gov;Male;6;12;6;4;8;10
Wolfie;Vasilchikov;wvasilchikovjb@360.cn;Male;11;13;14;5;7;4
Dorie;Verma;dvermajc@washington.edu;Female;16;1;20;4;20;20
Orazio;Harriagn;oharriagnjd@who.int;Male;8;1;9;1;5;6
Darlleen;Lidgey;dlidgeyje@nba.com;Female;18;7;10;10;3;11
Gayle;Wollen;gwollenjf@jigsy.com;Male;11;20;6;15;8;2
Zacharia;Brodeau;zbrodeaujg@ocn.ne.jp;Male;10;2;2;17;1;16
Othella;Gillicuddy;ogillicuddyjh@webeden.co.uk;Female;19;17;3;8;18;3
Colver;Dalmon;cdalmonji@washington.edu;Male;10;7;11;20;5;5
Abba;Hobell;ahobelljj@uiuc.edu;Male;2;15;16;8;12;11
Moyna;Titheridge;mtitheridgejk@plala.or.jp;Female;19;9;19;6;12;16
Marcille;Hughes;mhughesjl@amazonaws.com;Female;12;5;1;8;7;11
Sol;Glassford;sglassfordjm@merriam-webster.com;Male;3;6;19;2;6;5
Benedicta;Costell;bcostelljn@privacy.gov.au;Female;3;14;10;6;20;4
Evita;Annand;eannandjo@facebook.com;Female;17;20;13;14;8;4
Baldwin;Satterly;bsatterlyjp@usda.gov;Male;4;9;3;7;6;15
Marylee;Kemer;mkemerjq@devhub.com;Female;18;4;4;10;7;6
Lauree;Quogan;lquoganjr@zimbio.com;Female;1;6;1;6;16;19
Ardra;Krause;akrausejs@cbslocal.com;Female;20;20;16;18;12;20
Pasquale;Duffer;pdufferjt@homestead.com;Male;17;17;5;4;3;8
Urson;Stetlye;ustetlyeju@va.gov;Male;12;7;1;9;3;9
Austin;Thorrington;athorringtonjv@redcross.org;Male;5;14;2;13;10;16
Valaria;Batthew;vbatthewjw@symantec.com;Female;13;9;5;15;3;4
Michel;Bassam;mbassamjx@aol.com;Female;10;16;8;16;17;5
Steffane;Noice;snoicejy@tmall.com;Female;3;14;17;12;13;16
Chico;Gerram;cgerramjz@istockphoto.com;Male;8;5;5;19;18;8
Ara;Comerford;acomerfordk0@hao123.com;Female;17;17;19;1;20;7
Rafferty;Sidnell;rsidnellk1@networksolutions.com;Male;14;1;10;3;10;14
Vito;Cardow;vcardowk2@linkedin.com;Polygender;6;4;20;3;4;9
Jasen;Everill;jeverillk3@t-online.de;Male;9;15;14;11;19;16
Raf;Silcocks;rsilcocksk4@flickr.com;Female;9;9;4;3;14;15
Cobby;Petran;cpetrank5@bizjournals.com;Male;15;13;20;6;15;6
Lusa;Furnell;lfurnellk6@nasa.gov;Female;13;13;9;12;6;2
Purcell;Kacheler;pkachelerk7@yolasite.com;Male;16;4;9;10;18;4
Eimile;Cranna;ecrannak8@ebay.co.uk;Female;19;9;18;7;18;1
Smitty;Stickles;ssticklesk9@oakley.com;Male;4;9;11;6;19;11
Rafaelia;Andriveau;randriveauka@flickr.com;Female;10;16;5;5;7;13
Karlan;Merrick;kmerrickkb@e-recht24.de;Male;15;20;12;2;10;14
Martyn;Gipp;mgippkc@mtv.com;Male;6;4;6;4;5;4
Ricki;Shackleton;rshackletonkd@amazon.com;Male;5;14;13;1;8;11
Kevyn;Davydochkin;kdavydochkinke@imgur.com;Female;18;13;20;17;17;8
Lawton;Argontt;largonttkf@t.co;Male;9;15;20;5;16;14
Carlynn;Giraudo;cgiraudokg@opensource.org;Female;15;10;18;2;17;11
Godwin;Kem;gkemkh@google.nl;Genderqueer;5;13;7;3;14;16
Merrel;Olivier;molivierki@elpais.com;Male;16;16;14;7;17;18
Florella;Meeus;fmeeuskj@e-recht24.de;Female;4;14;19;9;17;3
Ninette;Eggers;neggerskk@cbslocal.com;Female;1;14;4;8;10;6
Kristyn;McDade;kmcdadekl@ustream.tv;Female;13;4;11;13;19;7
Fernande;Pashe;fpashekm@ucsd.edu;Female;15;9;10;15;18;20
Jorey;Kidstone;jkidstonekn@upenn.edu;Agender;7;10;3;12;2;20
Stephen;Sharpe;ssharpeko@ucsd.edu;Agender;3;19;17;2;1;20
Lazaro;Godsal;lgodsalkp@netvibes.com;Male;8;16;9;9;16;1
Finlay;Shafier;fshafierkq@yandex.ru;Male;5;19;17;17;7;11
Burr;Dumblton;bdumbltonkr@home.pl;Genderqueer;20;10;2;18;14;4
Rey;Selkirk;rselkirkks@newyorker.com;Male;13;1;17;14;6;13
Cristy;Meatyard;cmeatyardkt@smugmug.com;Female;4;5;5;6;10;5
Arlyne;Lafoy;alafoyku@businessinsider.com;Female;19;10;5;13;1;12
Caryl;Pantridge;cpantridgekv@cornell.edu;Male;4;13;5;18;12;6
Allis;Glasper;aglasperkw@buzzfeed.com;Female;3;9;3;17;13;1
Korey;Luckhurst;kluckhurstkx@php.net;Male;8;6;19;14;16;12
Aaron;Besse;abesseky@telegraph.co.uk;Non-binary;7;5;12;20;12;12
Imogen;Brosi;ibrosikz@deliciousdays.com;Female;8;1;17;1;17;3
Evy;Coursor;ecoursorl0@nbcnews.com;Female;15;3;8;8;1;14
Cordelie;Wrennall;cwrennalll1@acquirethisname.com;Female;4;8;13;10;4;19
Mariam;Lestrange;mlestrangel2@pagesperso-orange.fr;Female;2;6;20;6;3;4
Waylin;Sone;wsonel3@g.co;Male;2;3;5;17;6;16
Marvin;Fessler;mfesslerl4@chron.com;Bigender;1;13;11;11;7;2
Nerti;Werny;nwernyl5@yolasite.com;Female;10;10;16;18;10;20
Perri;Symers;psymersl6@npr.org;Female;14;10;16;12;1;2
Tommi;Deathridge;tdeathridgel7@springer.com;Female;18;15;10;15;9;9
Leonerd;Willimot;lwillimotl8@dyndns.org;Male;7;1;5;11;19;4
Oberon;Martinon;omartinonl9@i2i.jp;Male;13;13;9;12;14;12
Aubrette;Hug;ahugla@macromedia.com;Female;8;20;16;14;17;9
Erik;Serrels;eserrelslb@woothemes.com;Male;11;15;10;4;8;19
Rosa;Fieldstone;rfieldstonelc@virginia.edu;Female;8;13;10;19;3;17
Kati;Izatson;kizatsonld@cbsnews.com;Female;14;20;20;16;5;20
Tremaine;Abramovicz;tabramoviczle@booking.com;Male;11;10;5;13;7;17
Sallie;Guidetti;sguidettilf@discuz.net;Female;9;17;11;17;13;2
Scotti;Code;scodelg@github.io;Male;4;17;9;11;5;16
Sydel;Hinkley;shinkleylh@mysql.com;Female;18;13;14;4;8;3
Khalil;Berrygun;kberrygunli@aol.com;Male;9;12;16;11;10;20
Humberto;Vaissiere;hvaissierelj@smugmug.com;Male;17;6;3;17;10;8
Tamas;Landsbury;tlandsburylk@trellian.com;Male;18;2;10;5;18;14
Katina;Fontanet;kfontanetll@phoca.cz;Female;8;2;1;12;17;10
Alric;Maidment;amaidmentlm@mit.edu;Male;8;3;4;11;1;6
Justinian;Brandsen;jbrandsenln@dagondesign.com;Male;1;7;13;3;8;9
Sigvard;Santen;ssantenlo@wordpress.com;Male;14;11;13;14;8;16
Margalit;Eccleston;mecclestonlp@amazon.com;Female;4;4;4;20;20;11
Samuel;Kinnach;skinnachlq@nasa.gov;Male;2;16;18;2;13;6
Rachele;Hiner;rhinerlr@smugmug.com;Female;7;13;14;16;11;20
Barnard;Pilger;bpilgerls@cafepress.com;Genderqueer;19;7;14;15;20;3
Cyrillus;Bohlin;cbohlinlt@facebook.com;Male;17;6;12;16;19;13
Bernadette;Ughini;bughinilu@myspace.com;Female;14;2;5;5;14;19
Javier;Taberner;jtabernerlv@delicious.com;Male;9;10;13;13;2;8
Gallard;Thorns;gthornslw@cnbc.com;Male;4;2;12;16;15;12
Peadar;Benard;pbenardlx@liveinternet.ru;Male;18;8;5;6;10;7
Franni;Ashtonhurst;fashtonhurstly@newyorker.com;Female;16;6;11;12;6;19
Genia;Debrick;gdebricklz@pagesperso-orange.fr;Female;4;17;7;11;7;1
Eran;Venmore;evenmorem0@europa.eu;Female;1;12;12;15;10;20
Wilona;Dewes;wdewesm1@google.cn;Female;18;16;12;7;10;16
Roselin;Todd;rtoddm2@flavors.me;Female;15;20;20;15;9;13
Margarete;Ife;mifem3@businessinsider.com;Female;15;19;12;1;6;1
Michal;Halliberton;mhallibertonm4@japanpost.jp;Male;5;8;1;8;11;11
Horten;Rist;hristm5@wiley.com;Male;4;15;9;4;5;8
Valentina;Lghan;vlghanm6@scientificamerican.com;Female;1;20;15;7;14;4
Miller;Blonden;mblondenm7@devhub.com;Polygender;2;1;6;12;10;11
Cortney;Ranken;crankenm8@deliciousdays.com;Female;20;1;18;19;13;5
Reese;Pleager;rpleagerm9@sfgate.com;Male;15;15;2;6;10;5
Eddi;Conkay;econkayma@trellian.com;Female;8;12;2;4;11;9
Elle;Stephen;estephenmb@blogs.com;Genderfluid;20;16;6;16;19;7
Derrick;Gillibrand;dgillibrandmc@t.co;Male;16;6;6;9;18;10
Bradford;Hampe;bhampemd@google.de;Male;15;1;8;20;2;5
Titos;McNeill;tmcneillme@timesonline.co.uk;Male;10;6;4;5;13;13
Christie;Helstrom;chelstrommf@unicef.org;Female;17;17;10;8;18;6
Clyde;McKleod;cmckleodmg@360.cn;Male;4;1;7;3;2;1
Barny;Rabier;brabiermh@oakley.com;Male;19;2;4;5;17;2
Brodie;Janousek;bjanousekmi@umich.edu;Male;13;15;16;3;16;6
Nora;Pobjay;npobjaymj@springer.com;Female;16;16;3;2;3;4
Agnes;Brambell;abrambellmk@ow.ly;Female;1;3;18;18;1;9
Dorthy;Appleton;dappletonml@ow.ly;Female;15;1;6;11;15;17
Dorie;Gritton;dgrittonmm@answers.com;Genderqueer;11;8;19;13;18;11
Lin;Waddy;lwaddymn@cocolog-nifty.com;Male;15;7;14;14;1;4
Piotr;Shwenn;pshwennmo@trellian.com;Polygender;19;1;5;5;19;14
Dan;Rocks;drocksmp@oracle.com;Male;17;18;4;15;3;11
Corine;Saleway;csalewaymq@twitter.com;Female;17;1;1;4;9;6
Josias;O'Moylan;jomoylanmr@123-reg.co.uk;Male;7;4;3;11;5;14
Carina;Fullman;cfullmanms@virginia.edu;Female;12;15;17;17;10;2
Alex;Broggio;abroggiomt@cbslocal.com;Female;18;6;5;2;3;3
Cash;Driscoll;cdriscollmu@tripadvisor.com;Male;5;18;13;6;3;12
Amber;Crampsy;acrampsymv@oaic.gov.au;Female;15;9;16;20;18;15
Merla;Frary;mfrarymw@indiatimes.com;Female;8;18;4;14;4;11
Dan;Schukraft;dschukraftmx@flavors.me;Male;13;16;7;6;6;6
Teddie;O'Beirne;tobeirnemy@cmu.edu;Male;16;4;18;9;17;17
Carma;Dzeniskevich;cdzeniskevichmz@ning.com;Female;3;13;15;4;16;19
Reggi;Butten;rbuttenn0@tuttocitta.it;Polygender;9;17;17;16;2;18
Wes;Elcox;welcoxn1@yellowpages.com;Male;2;19;20;20;15;8
Stillman;Orans;soransn2@sakura.ne.jp;Male;14;1;3;11;18;12
Loria;Faulconbridge;lfaulconbridgen3@imdb.com;Female;6;19;3;4;11;9
Darcy;Fould;dfouldn4@ox.ac.uk;Bigender;5;11;18;5;8;4
Brunhilde;Ghidelli;bghidellin5@blogger.com;Genderfluid;6;11;16;13;5;7
Lamond;Fredi;lfredin6@home.pl;Male;4;19;18;7;7;20
Cristy;Haycock;chaycockn7@topsy.com;Female;19;8;14;19;5;8
Quintin;Worlidge;qworlidgen8@opera.com;Male;2;11;7;9;6;19
Orren;Angove;oangoven9@youtube.com;Male;20;19;10;13;14;14
Lanette;Pomfret;lpomfretna@purevolume.com;Female;10;18;7;8;8;10
Westbrook;Klimentyev;wklimentyevnb@hubpages.com;Male;8;6;16;7;7;1
Celle;Losty;clostync@omniture.com;Female;14;9;6;9;18;7
Winfield;Klambt;wklambtnd@slideshare.net;Male;12;15;20;10;10;5
Fernande;Mattis;fmattisne@feedburner.com;Female;10;20;8;7;11;4
Walden;Pynner;wpynnernf@pen.io;Genderfluid;14;9;4;8;17;18
Augustin;Lye;alyeng@yandex.ru;Male;20;18;19;4;12;4
Moreen;Julian;mjuliannh@bbb.org;Female;11;16;4;12;14;11
Selie;Burtonwood;sburtonwoodni@mayoclinic.com;Polygender;15;6;19;12;16;11
Hermie;Eardley;heardleynj@mozilla.org;Male;7;4;1;17;8;19
Aurea;Bandey;abandeynk@51.la;Female;6;4;7;16;19;8
Alvis;Godfree;agodfreenl@goodreads.com;Male;6;1;2;5;12;18
Lorie;Branscombe;lbranscombenm@etsy.com;Female;6;20;20;18;8;3
Livvy;Sammonds;lsammondsnn@spiegel.de;Female;19;2;9;8;20;5
Ram;Sumsion;rsumsionno@webnode.com;Male;11;4;12;14;12;4
Nevil;Edrich;nedrichnp@multiply.com;Male;2;3;4;14;2;5
Aubrey;Molohan;amolohannq@netlog.com;Female;4;9;14;9;18;2
Gloria;Emmens;gemmensnr@zdnet.com;Female;18;18;17;12;7;7
Scot;Oleszkiewicz;soleszkiewiczns@blinklist.com;Male;18;2;18;1;12;20
Carolan;Cowoppe;ccowoppent@google.com.au;Female;5;9;8;2;11;6
Shalna;Bouchard;sbouchardnu@g.co;Female;14;7;2;15;11;9
Tobe;Egel;tegelnv@yale.edu;Female;3;18;17;11;11;15
Sauncho;Copas;scopasnw@scientificamerican.com;Male;16;3;12;1;4;12
Aloisia;McGrae;amcgraenx@tumblr.com;Female;14;18;9;19;7;18
Batholomew;Pomfrett;bpomfrettny@ask.com;Male;3;2;20;6;18;3
Sig;Fishley;sfishleynz@bbc.co.uk;Male;15;3;5;4;10;11
Cosetta;Weedenburg;cweedenburgo0@squarespace.com;Genderqueer;14;18;19;7;5;11
Egbert;MacChaell;emacchaello1@geocities.com;Male;18;12;2;5;4;16
Yardley;De Pietri;ydepietrio2@fastcompany.com;Non-binary;2;9;2;16;14;2
Parnell;Giffin;pgiffino3@sciencedaily.com;Male;5;15;17;11;1;16
Lauri;Arnell;larnello4@spotify.com;Female;10;15;12;8;17;5
Chip;Herculson;cherculsono5@elegantthemes.com;Male;20;14;6;5;2;12
Mayor;Knutton;mknuttono6@uol.com.br;Male;14;9;9;18;20;2
Raddy;Tourle;rtourleo7@bigcartel.com;Male;13;12;1;9;11;6
Blakelee;Waumsley;bwaumsleyo8@amazonaws.com;Female;20;20;20;7;6;15
Port;Collington;pcollingtono9@istockphoto.com;Male;19;12;11;10;5;3
Fonzie;Corrin;fcorrinoa@so-net.ne.jp;Male;1;19;7;4;12;5
Lia;Gloy;lgloyob@tripadvisor.com;Female;4;2;10;18;14;8
Peggie;Beswetherick;pbeswetherickoc@microsoft.com;Female;12;4;8;3;15;9
Phip;Luxon;pluxonod@ycombinator.com;Male;15;12;9;9;19;15
Millisent;Umfrey;mumfreyoe@noaa.gov;Female;11;6;13;19;3;9
Felipa;Deaville;fdeavilleof@people.com.cn;Female;8;4;15;8;13;5
Huberto;Palfreyman;hpalfreymanog@ox.ac.uk;Male;1;13;8;17;3;15
Emmalyn;Ritchman;eritchmanoh@hc360.com;Female;1;7;6;13;10;6
Christiana;Shawl;cshawloi@gravatar.com;Female;16;9;14;15;10;12
Solomon;Chater;schateroj@java.com;Male;18;19;15;1;13;15
Jamie;Makey;jmakeyok@jugem.jp;Male;3;9;11;16;1;13
Alvan;Rusling;aruslingol@hugedomains.com;Male;6;10;6;4;19;3
Jaquenette;Pinkstone;jpinkstoneom@ftc.gov;Female;13;19;3;9;5;18
Bonnee;Tapping;btappingon@oakley.com;Female;5;11;17;20;4;1
Wylie;Lambie;wlambieoo@biblegateway.com;Male;15;19;11;8;4;2
Judie;Seifenmacher;jseifenmacherop@gizmodo.com;Female;14;7;5;10;15;20
Inger;MacCaughey;imaccaugheyoq@sourceforge.net;Male;7;20;1;5;19;16
Ann;Bessey;abesseyor@theatlantic.com;Female;6;7;16;11;16;3
Cosimo;Wimes;cwimesos@topsy.com;Male;17;7;13;20;7;12
Ayn;Mc Gorley;amcgorleyot@soundcloud.com;Female;10;11;2;15;11;7
Idalina;Misken;imiskenou@comcast.net;Bigender;3;10;14;19;4;3
Mandie;Petrecz;mpetreczov@skype.com;Female;20;10;13;1;5;17
Xenia;Ready;xreadyow@dot.gov;Female;3;10;10;12;6;12
Hillery;Bethell;hbethellox@yellowpages.com;Male;10;13;17;14;14;10
Xenos;Keepence;xkeepenceoy@github.com;Male;19;20;7;17;12;8
Elbertina;Watkiss;ewatkissoz@yale.edu;Female;20;2;15;17;19;14
Gabriela;Priddle;gpriddlep0@youtube.com;Female;11;3;18;9;19;8
Doyle;Warrilow;dwarrilowp1@angelfire.com;Male;8;8;17;2;10;7
Abdel;Lettsom;alettsomp2@weather.com;Male;10;14;2;1;14;16
Nataniel;Frisby;nfrisbyp3@eepurl.com;Male;7;3;4;15;16;15
Kynthia;Castan;kcastanp4@noaa.gov;Female;9;8;3;15;2;12
Waverley;Duesbury;wduesburyp5@nhs.uk;Male;10;4;18;12;12;5
Cameron;Hargrave;chargravep6@dropbox.com;Male;2;13;3;5;10;12
Mahala;Romaynes;mromaynesp7@arizona.edu;Female;16;11;19;8;12;9
Nickolai;Hatherleigh;nhatherleighp8@wikispaces.com;Male;2;17;17;5;15;17
Pegeen;Leamy;pleamyp9@shareasale.com;Female;11;4;18;14;7;15
Polly;Covelle;pcovellepa@4shared.com;Female;2;14;2;2;18;20
Irvin;Berston;iberstonpb@clickbank.net;Male;2;15;10;10;6;16
Rowney;Persich;rpersichpc@meetup.com;Male;19;3;3;16;11;16
Harland;Lamswood;hlamswoodpd@time.com;Male;14;16;10;20;4;4
Dur;Dmitrovic;ddmitrovicpe@miitbeian.gov.cn;Male;9;19;13;19;11;7
Matti;Munning;mmunningpf@cmu.edu;Female;8;14;3;10;2;20
Karoline;Town;ktownpg@sun.com;Agender;10;2;20;13;7;20
Derrick;Cominello;dcominelloph@timesonline.co.uk;Male;11;14;5;5;4;20
Ashlin;Giggs;agiggspi@phpbb.com;Male;10;5;15;15;10;9
Vlad;Daber;vdaberpj@artisteer.com;Male;8;14;5;13;3;12
Myrwyn;Hebner;mhebnerpk@github.com;Male;16;9;6;10;7;13
Keri;Prator;kpratorpl@plala.or.jp;Female;14;7;9;5;6;1
Roseanna;Sousa;rsousapm@smugmug.com;Female;5;11;8;18;18;10
Billy;July;bjulypn@npr.org;Male;12;4;9;13;7;13
Elias;Saipy;esaipypo@shareasale.com;Male;2;12;19;12;17;6
Joby;Alesi;jalesipp@ustream.tv;Female;3;7;17;11;7;11
Cheslie;Swadden;cswaddenpq@fc2.com;Female;6;19;4;18;1;5
Nickie;Compton;ncomptonpr@aol.com;Female;14;19;11;1;4;14
Reina;Seelbach;rseelbachps@gnu.org;Female;16;1;9;20;20;20
Robbin;Landal;rlandalpt@purevolume.com;Female;11;20;8;5;1;4
Arlana;Valentine;avalentinepu@angelfire.com;Female;2;13;9;19;17;3
Benjy;Hysom;bhysompv@foxnews.com;Male;2;18;7;12;2;2
Karlan;Rupert;krupertpw@ebay.co.uk;Polygender;5;14;5;20;4;3
Petrina;D'Adda;pdaddapx@dagondesign.com;Female;10;2;6;19;6;18
Felita;Gonin;fgoninpy@soundcloud.com;Female;16;5;11;18;7;18
Sanders;Coxwell;scoxwellpz@columbia.edu;Male;3;17;5;17;2;2
Wilden;Ashfield;washfieldq0@xrea.com;Male;18;12;20;20;1;20
Dew;Hauch;dhauchq1@zdnet.com;Polygender;12;6;18;13;1;16
Erek;Dowsing;edowsingq2@princeton.edu;Male;2;2;14;2;7;17
Ignacius;O' Faherty;iofahertyq3@redcross.org;Male;20;1;2;18;3;2
Barry;Thornewill;bthornewillq4@cloudflare.com;Female;7;15;2;7;13;1
Hanny;Blacksland;hblackslandq5@blog.com;Female;10;17;10;18;13;13
Talbert;Kendle;tkendleq6@1688.com;Genderqueer;11;18;2;14;20;18
Ranee;Gallamore;rgallamoreq7@google.com.hk;Non-binary;14;19;16;1;1;14
Claybourne;Davydzenko;cdavydzenkoq8@rediff.com;Male;17;20;20;15;1;5
Evangelina;O'Harney;eoharneyq9@bloomberg.com;Female;4;4;11;11;3;15
Horacio;Savoury;hsavouryqa@answers.com;Male;4;18;20;4;11;19
Tammie;Korneichuk;tkorneichukqb@weibo.com;Male;15;20;15;5;2;8
Mallorie;Norrington;mnorringtonqc@berkeley.edu;Female;3;17;5;19;17;3
Fernandina;Whipple;fwhippleqd@usa.gov;Female;10;19;13;13;14;11
Humfrid;Gurdon;hgurdonqe@google.com.br;Male;17;18;11;3;15;3
Fee;Radden;fraddenqf@mozilla.org;Male;8;3;7;2;5;18
Dory;Wilshere;dwilshereqg@histats.com;Male;15;13;4;1;10;1
Brynna;Hannabuss;bhannabussqh@tripadvisor.com;Female;15;13;11;9;8;19
Sigvard;Hammon;shammonqi@umich.edu;Male;12;4;10;15;10;3
Lynsey;Gwioneth;lgwionethqj@tamu.edu;Female;7;17;9;1;17;13
Jean;Cullity;jcullityqk@dailymotion.com;Male;7;3;16;16;15;8
Russell;Berndtssen;rberndtssenql@blogs.com;Male;11;2;11;15;14;15
Rochelle;D'Almeida;rdalmeidaqm@boston.com;Female;5;14;17;12;15;19
Rica;Elecum;relecumqn@digg.com;Female;12;14;2;17;1;12
Englebert;Lightwing;elightwingqo@go.com;Male;2;12;20;9;13;12
Mallory;Loachhead;mloachheadqp@disqus.com;Male;4;4;11;4;16;20
Vern;McGilvra;vmcgilvraqq@nhs.uk;Male;9;2;3;13;1;11
Pammi;Grogona;pgrogonaqr@themeforest.net;Female;20;3;14;10;8;15
Marilyn;Errett;merrettqs@hc360.com;Female;11;16;2;13;1;8
Horton;Buddell;hbuddellqt@shutterfly.com;Male;5;11;10;20;20;17
Dinnie;Duggary;dduggaryqu@clickbank.net;Female;14;8;10;12;12;6
Edward;Jertz;ejertzqv@yolasite.com;Male;20;4;12;13;7;8
Chucho;Christer;cchristerqw@cisco.com;Male;17;13;5;18;14;16
Jeremias;Ullock;jullockqx@patch.com;Male;20;6;11;17;3;18
Hugues;Averall;haverallqy@freewebs.com;Male;19;18;20;1;17;12
Jewel;Kiezler;jkiezlerqz@indiatimes.com;Bigender;4;11;10;14;17;19
Hartley;Brozsset;hbrozssetr0@mlb.com;Male;6;12;13;11;4;10
Mellie;Janos;mjanosr1@123-reg.co.uk;Female;16;10;7;7;13;10
Steffane;Do;sdor2@usda.gov;Female;3;17;5;10;2;7
Gerda;Shearn;gshearnr3@blog.com;Female;17;15;3;4;7;5
Orton;Corcoran;ocorcoranr4@nhs.uk;Male;6;11;1;13;8;8
Nevins;McFayden;nmcfaydenr5@gravatar.com;Male;18;9;20;6;17;4
Amitie;Westwood;awestwoodr6@icq.com;Female;15;19;11;8;8;6
Kippy;Tadlow;ktadlowr7@intel.com;Female;17;9;1;15;11;6
Any;Kybbye;akybbyer8@gravatar.com;Male;16;17;4;5;20;6
Jeffrey;Vizor;jvizorr9@epa.gov;Male;1;3;5;7;13;9
Emmery;Caudelier;ecaudelierra@e-recht24.de;Male;8;9;12;17;7;8
Carey;Zorzoni;czorzonirb@g.co;Male;16;13;11;10;2;7
Ronni;Jerke;rjerkerc@elegantthemes.com;Female;12;9;10;16;20;15
Candide;Bunch;cbunchrd@narod.ru;Female;4;2;20;3;16;8
Chad;MacSporran;cmacsporranre@imageshack.us;Male;20;6;9;10;2;3
Link;Cossans;lcossansrf@ucla.edu;Male;10;16;1;11;7;20
Charis;Climie;cclimierg@smh.com.au;Female;2;11;4;2;7;6
Phillip;Pierucci;ppieruccirh@spotify.com;Male;15;11;13;7;9;11
Kippy;Lonergan;klonerganri@geocities.jp;Female;1;8;7;13;7;2
Angil;Haccleton;ahaccletonrj@cornell.edu;Female;1;7;7;9;6;13
Demott;Hildrew;dhildrewrk@hc360.com;Male;3;14;4;15;20;15
Elianore;Fromont;efromontrl@people.com.cn;Female;17;16;16;4;17;10
Eduardo;Frow;efrowrm@ameblo.jp;Male;19;3;8;8;14;5
Alaster;Piddock;apiddockrn@1und1.de;Genderqueer;11;18;10;2;8;13
Terrel;Matejic;tmatejicro@ebay.com;Male;19;1;4;16;9;17
Carolee;Fransewich;cfransewichrp@ucsd.edu;Female;12;11;7;16;7;1
Mureil;Cull;mcullrq@discuz.net;Female;16;20;10;17;10;6
Kelcey;Harty;khartyrr@free.fr;Female;6;5;14;1;10;20
daniel;carrizo;daniel.danjoc@gmail.com;male;1;1;1;1;1;1
